{
  "project_info": {
    "project_number": "292661832498",
    "project_id": "tasks4today-20991",
    "storage_bucket": "tasks4today-20991.appspot.com"
  },
  "client": [
    {
      "client_info": {
        "mobilesdk_app_id": "1:292661832498:android:ded0c9bc59c0c409e8852b",
        "android_client_info": {
          "package_name": "com.example.tasks4today"
        }
      },
      "oauth_client": [],
      "api_key": [
        {
          "current_key": "AIzaSyBgqCpU1pzAQAmyznLKHqIq7jqNEJZ6kvM"
        }
      ],
      "services": {
        "appinvite_service": {
          "other_platform_oauth_client": []
        }
      }
    }
  ],
  "configuration_version": "1"
}